"date","Apple","IBM","SaP","Google","Microsoft"
2016-11-30,27.629999,162.220001,2198.810059,775.880005,60.259998
2016-12-01,27.372499,159.820007,2191.080078,764.330017,59.200001
2016-12-02,27.475,160.020004,2191.949951,764.460022,59.25
2016-12-05,27.2775,159.839996,2204.709961,778.219971,60.220001
2016-12-06,27.487499,160.350006,2212.22998,776.179993,59.950001
2016-12-07,27.7575,164.789993,2241.350098,791.469971,61.369999
2016-12-08,28.030001,165.360001,2246.189941,795.169983,61.009998
2016-12-09,28.487499,166.520004,2259.530029,809.450012,61.970001
2016-12-12,28.325001,165.5,2256.959961,807.900024,62.169998
2016-12-13,28.797501,168.289993,2271.719971,815.340027,62.98
2016-12-14,28.797501,168.509995,2253.280029,817.890015,62.68
2016-12-15,28.955,168.020004,2262.030029,815.650024,62.580002
2016-12-16,28.9925,166.729996,2258.070068,809.840027,62.299999
2016-12-19,29.16,166.679993,2262.530029,812.5,63.619999
2016-12-20,29.237499,167.600006,2270.76001,815.200012,63.540001
2016-12-21,29.264999,167.330002,2265.179932,812.200012,63.540001
2016-12-22,29.0725,167.059998,2260.959961,809.679993,63.549999
2016-12-23,29.129999,166.710007,2263.790039,807.799988,63.240002
2016-12-27,29.315001,167.139999,2268.879883,809.929993,63.279999
2016-12-28,29.190001,166.190002,2249.919922,804.570007,62.990002
2016-12-29,29.182501,166.600006,2249.26001,802.880005,62.900002
2016-12-30,28.955,165.990005,2238.830078,792.450012,62.139999
2017-01-03,29.0375,167.190002,2257.830078,808.01001,62.580002
2017-01-04,29.004999,169.259995,2270.75,807.77002,62.299999
2017-01-05,29.1525,168.699997,2269,813.02002,62.299999
2017-01-06,29.477501,169.529999,2276.97998,825.210022,62.84
2017-01-09,29.747499,167.649994,2268.899902,827.179993,62.639999
2017-01-10,29.7775,165.520004,2268.899902,826.01001,62.619999
2017-01-11,29.9375,167.75,2275.320068,829.859985,63.189999
2017-01-12,29.8125,167.949997,2270.439941,829.530029,62.610001
2017-01-13,29.76,167.339996,2274.639893,830.940002,62.700001
2017-01-17,30,167.889999,2267.889893,827.460022,62.529999
2017-01-18,29.997499,166.800003,2271.889893,829.02002,62.5
2017-01-19,29.945,166.809998,2263.689941,824.369995,62.299999
2017-01-20,30,170.550003,2271.310059,828.169983,62.740002
2017-01-23,30.02,171.029999,2265.199951,844.429993,62.959999
2017-01-24,29.9925,175.899994,2280.070068,849.530029,63.52
2017-01-25,30.469999,178.289993,2298.370117,858.450012,63.68
2017-01-26,30.485001,178.660004,2296.679932,856.97998,64.269997
2017-01-27,30.487499,177.300003,2294.689941,845.030029,65.779999
2017-01-30,30.407499,175.800003,2280.899902,823.830017,65.129997
2017-01-31,30.3375,174.520004,2278.870117,820.190002,64.650002
2017-02-01,32.1875,174.289993,2279.550049,815.23999,63.580002
2017-02-02,32.1325,174.580002,2280.850098,818.26001,63.169998
2017-02-03,32.27,175.820007,2297.419922,820.130005,63.68
2017-02-06,32.572498,175.860001,2292.560059,821.619995,63.639999
2017-02-07,32.8825,178.460007,2293.080078,829.22998,63.43
2017-02-08,33.009998,176.169998,2294.669922,829.880005,63.34
2017-02-09,33.105,177.210007,2307.870117,830.059998,64.059998
2017-02-10,33.029999,178.679993,2316.100098,834.849976,64
2017-02-13,33.322498,179.360001,2328.25,838.960022,64.720001
2017-02-14,33.755001,180.130005,2337.580078,840.030029,64.57
2017-02-15,33.877499,181.679993,2349.25,837.320007,64.529999
2017-02-16,33.837502,181.429993,2347.219971,842.169983,64.519997
2017-02-17,33.93,180.669998,2351.159912,846.549988,64.620003
2017-02-21,34.174999,180.259995,2365.379883,849.27002,64.489998
2017-02-22,34.2775,181.149994,2362.820068,851.359985,64.360001
2017-02-23,34.1325,181.649994,2363.810059,851,64.620003
2017-02-24,34.165001,181.350006,2367.340088,847.809998,64.620003
2017-02-27,34.232498,179.399994,2369.75,849.669983,64.230003
2017-02-28,34.247501,179.820007,2363.639893,844.929993,63.98
2017-03-01,34.947498,181.949997,2395.959961,856.75,64.940002
2017-03-02,34.740002,180.529999,2381.919922,849.849976,64.010002
2017-03-03,34.945,180.050003,2383.120117,849.080017,64.25
2017-03-06,34.834999,180.470001,2375.310059,847.27002,64.269997
2017-03-07,34.880001,180.380005,2368.389893,851.150024,64.400002
2017-03-08,34.75,179.449997,2362.97998,853.640015,64.989998
2017-03-09,34.669998,177.179993,2364.870117,857.840027,64.730003
2017-03-10,34.785,177.830002,2372.600098,861.409973,64.93
2017-03-13,34.799999,176.460007,2373.469971,864.580017,64.709999
2017-03-14,34.747501,175.720001,2365.449951,865.909973,64.410004
2017-03-15,35.115002,175.809998,2385.26001,868.390015,64.75
2017-03-16,35.172501,177.240005,2381.379883,870,64.639999
2017-03-17,34.997501,175.649994,2378.25,872.369995,64.870003
2017-03-20,35.365002,175.699997,2373.469971,867.909973,64.93
2017-03-21,34.959999,173.880005,2344.02002,850.140015,64.209999
2017-03-22,35.355,174.779999,2348.449951,849.799988,65.029999
2017-03-23,35.23,174.820007,2345.959961,839.650024,64.870003
2017-03-24,35.16,173.830002,2343.97998,835.140015,64.980003
2017-03-27,35.220001,173.770004,2341.590088,838.51001,65.099998
2017-03-28,35.950001,174.509995,2358.570068,840.630005,65.290001
2017-03-29,36.029999,173.940002,2361.129883,849.869995,65.470001
2017-03-30,35.982498,173.860001,2368.060059,849.47998,65.709999
2017-03-31,35.915001,174.139999,2362.719971,847.799988,65.860001
2017-04-03,35.924999,174.5,2358.840088,856.75,65.550003
2017-04-04,36.192501,174.520004,2360.159912,852.570007,65.730003
2017-04-05,36.005001,172.880005,2352.949951,848.909973,65.559998
2017-04-06,35.915001,172.449997,2357.48999,845.099976,65.730003
2017-04-07,35.834999,172.139999,2355.540039,842.099976,65.68
2017-04-10,35.7925,171.199997,2357.159912,841.700012,65.529999
2017-04-11,35.407501,170.580002,2353.780029,839.880005,65.480003
2017-04-12,35.450001,170.660004,2344.929932,841.460022,65.230003
2017-04-13,35.262501,169.529999,2328.949951,840.179993,64.949997
2017-04-17,35.4575,171.100006,2349.01001,855.130005,65.480003
2017-04-18,35.299999,170.050003,2342.189941,853.98999,65.389999
2017-04-19,35.169998,161.690002,2338.169922,856.51001,65.040001
2017-04-20,35.610001,162.300003,2355.840088,860.080017,65.5
2017-04-21,35.567501,160.380005,2348.689941,858.950012,66.400002
2017-04-24,35.91,160.75,2374.149902,878.929993,67.529999
2017-04-25,36.1325,160.389999,2388.610107,888.840027,67.919998
2017-04-26,35.919998,160.059998,2387.449951,889.140015,67.830002
2017-04-27,35.947498,160.320007,2388.77002,891.440002,68.269997
2017-04-28,35.912498,160.289993,2384.199951,924.52002,68.459999
2017-05-01,36.645,158.839996,2388.330078,932.820007,69.410004
2017-05-02,36.877499,159.100006,2391.169922,937.090027,69.300003
2017-05-03,36.764999,158.630005,2388.129883,948.450012,69.080002
2017-05-04,36.6325,159.050003,2389.52002,954.719971,68.809998
2017-05-05,37.240002,155.050003,2399.290039,950.280029,69
2017-05-08,38.252499,153.029999,2399.379883,958.690002,68.940002
2017-05-09,38.497501,152.110001,2396.919922,956.710022,69.040001
2017-05-10,38.314999,151.25,2399.629883,954.840027,69.309998
2017-05-11,38.487499,150.649994,2394.439941,955.890015,68.459999
2017-05-12,39.025002,150.369995,2390.899902,955.140015,68.379997
2017-05-15,38.924999,151.509995,2402.320068,959.219971,68.43
2017-05-16,38.8675,153.679993,2400.669922,964.609985,69.410004
2017-05-17,37.5625,150.929993,2357.030029,942.169983,67.480003
2017-05-18,38.134998,150.779999,2365.719971,950.5,67.709999
2017-05-19,38.264999,151.979996,2381.72998,954.650024,67.690002
2017-05-22,38.497501,152.639999,2394.02002,964.070007,68.449997
2017-05-23,38.450001,152.029999,2398.419922,970.549988,68.68
2017-05-24,38.334999,152.509995,2404.389893,977.609985,68.769997
2017-05-25,38.467499,153.199997,2415.070068,991.859985,69.620003
2017-05-26,38.4025,152.490005,2415.820068,993.27002,69.959999
2017-05-30,38.4175,151.729996,2412.909912,996.169983,70.410004
2017-05-31,38.189999,152.630005,2411.800049,987.090027,69.839996
2017-06-01,38.294998,152.669998,2430.060059,988.289978,70.099998
2017-06-02,38.862499,152.050003,2439.070068,996.119995,71.760002
2017-06-05,38.482498,152.410004,2436.100098,1003.880005,72.279999
2017-06-06,38.612499,152.369995,2429.330078,996.679993,72.519997
2017-06-07,38.842499,150.979996,2433.139893,1001.5,72.389999
2017-06-08,38.747501,152.100006,2433.790039,1004.280029,71.949997
2017-06-09,37.244999,154.100006,2431.77002,970.119995,70.32
2017-06-12,36.355,155.179993,2429.389893,961.809998,69.779999
2017-06-13,36.647499,154.25,2440.350098,970.5,70.650002
2017-06-14,36.290001,153.809998,2437.919922,967.929993,70.269997
2017-06-15,36.072498,154.220001,2432.459961,960.179993,69.900002
2017-06-16,35.567501,155.380005,2433.149902,958.619995,70
2017-06-19,36.584999,154.839996,2453.459961,975.219971,70.870003
2017-06-20,36.252499,154.949997,2437.030029,968.98999,69.910004
2017-06-21,36.467499,153.789993,2435.610107,978.590027,70.269997
2017-06-22,36.407501,154.399994,2434.5,976.619995,70.260002
2017-06-23,36.57,154.110001,2438.300049,986.090027,71.209999
2017-06-26,36.455002,155.229996,2439.070068,972.090027,70.529999
2017-06-27,35.932499,154.75,2419.379883,948.090027,69.209999
2017-06-28,36.4575,155.320007,2440.689941,961.01001,69.800003
2017-06-29,35.919998,154.130005,2419.699951,937.820007,68.489998
2017-06-30,36.005001,153.830002,2423.409912,929.679993,68.93
2017-07-03,35.875,155.580002,2429.01001,919.460022,68.169998
2017-07-05,36.022499,153.669998,2432.540039,932.26001,69.080002
2017-07-06,35.682499,152.360001,2409.75,927.690002,68.57
2017-07-07,36.044998,152.940002,2425.179932,940.809998,69.459999
2017-07-10,36.264999,153.419998,2427.429932,951,69.980003
2017-07-11,36.3825,153.190002,2425.530029,953.530029,69.989998
2017-07-12,36.435001,153.699997,2443.25,967.659973,71.150002
2017-07-13,36.942501,153.630005,2447.830078,968.849976,71.769997
2017-07-14,37.259998,154.240005,2459.27002,976.909973,72.779999
2017-07-17,37.389999,153.009995,2459.139893,975.960022,73.349998
2017-07-18,37.52,154,2460.610107,986.950012,73.300003
2017-07-19,37.755001,147.529999,2473.830078,992.77002,73.860001
2017-07-20,37.584999,147.660004,2473.449951,992.190002,74.220001
2017-07-21,37.567501,147.080002,2472.540039,993.840027,73.790001
2017-07-24,38.022499,145.990005,2469.909912,998.309998,73.599998
2017-07-25,38.185001,146.190002,2477.129883,969.030029,74.190002
2017-07-26,38.365002,145.360001,2477.830078,965.309998,74.050003
2017-07-27,37.639999,145.070007,2475.419922,952.51001,73.160004
2017-07-28,37.375,144.289993,2472.100098,958.330017,73.040001
2017-07-31,37.182499,144.669998,2470.300049,945.5,72.699997
2017-08-01,37.512501,145.300003,2476.350098,946.559998,72.580002
2017-08-02,39.285,144.449997,2477.570068,947.640015,72.260002
2017-08-03,38.892502,144.940002,2472.159912,940.299988,72.150002
2017-08-04,39.0975,145.160004,2476.830078,945.789978,72.68
2017-08-07,39.702499,143.470001,2480.909912,945.75,72.400002
2017-08-08,40.02,142.110001,2474.919922,944.190002,72.790001
2017-08-09,40.264999,141.770004,2474.02002,940.080017,72.470001
2017-08-10,38.830002,141.839996,2438.209961,923.590027,71.410004
2017-08-11,39.369999,141.839996,2441.320068,930.090027,72.5
2017-08-14,39.962502,142.320007,2465.840088,938.929993,73.589996
2017-08-15,40.400002,142.070007,2464.610107,938.080017,73.220001
2017-08-16,40.237499,142.5,2468.110107,944.27002,73.650002
2017-08-17,39.465,140.699997,2430.01001,927.659973,72.400002
2017-08-18,39.375,139.699997,2425.550049,926.179993,72.489998
2017-08-21,39.302502,140.330002,2428.370117,920.869995,72.150002
2017-08-22,39.945,141.009995,2452.51001,940.400024,73.160004
2017-08-23,39.994999,142.139999,2444.040039,942.580017,72.720001
2017-08-24,39.817501,142.940002,2438.969971,936.890015,72.690002
2017-08-25,39.965,143.740005,2443.050049,930.5,72.82
2017-08-28,40.3675,142.509995,2444.23999,928.130005,72.830002
2017-08-29,40.727501,143.139999,2446.300049,935.75,73.050003
2017-08-30,40.837502,142.559998,2457.590088,943.630005,74.010002
2017-08-31,41,143.029999,2471.649902,955.23999,74.769997
2017-09-01,41.012501,144.080002,2476.550049,951.98999,73.940002
2017-09-05,40.52,143.039993,2457.850098,941.47998,73.610001
2017-09-06,40.477501,143.820007,2465.540039,942.02002,73.400002
2017-09-07,40.314999,142.899994,2465.100098,949.890015,74.339996
2017-09-08,39.657501,142.449997,2461.429932,941.409973,73.980003
2017-09-11,40.375,144.860001,2488.110107,943.289978,74.760002
2017-09-12,40.215,145.759995,2496.47998,946.650024,74.68
2017-09-13,39.912498,145.990005,2498.370117,950.440002,75.209999
2017-09-14,39.57,145.539993,2495.620117,940.130005,74.769997
2017-09-15,39.970001,144.820007,2500.22998,935.289978,75.309998
2017-09-18,39.6675,144.550003,2503.870117,929.75,75.160004
2017-09-19,39.682499,144.389999,2506.649902,936.859985,75.440002
2017-09-20,39.017502,145.880005,2508.23999,947.539978,74.940002
2017-09-21,38.3475,145.259995,2500.600098,947.549988,74.209999
2017-09-22,37.9725,145.130005,2502.219971,943.26001,74.410004
2017-09-25,37.637501,145.869995,2496.659912,934.280029,73.260002
2017-09-26,38.285,146.559998,2496.840088,937.429993,73.260002
2017-09-27,38.557499,145.660004,2507.040039,959.900024,73.849998
2017-09-28,38.32,145.660004,2510.060059,964.809998,73.870003
2017-09-29,38.529999,145.080002,2519.360107,973.719971,74.489998
2017-10-02,38.452499,146.660004,2529.120117,967.469971,74.610001
2017-10-03,38.619999,146.779999,2534.580078,972.080017,74.260002
2017-10-04,38.369999,146.479996,2537.73999,966.780029,74.690002
2017-10-05,38.8475,146.720001,2552.070068,985.190002,75.970001
2017-10-06,38.825001,146.479996,2549.330078,993.640015,76
2017-10-09,38.959999,147.389999,2544.72998,992.309998,76.290001
2017-10-10,38.974998,148.5,2550.639893,987.799988,76.290001
2017-10-11,39.137501,147.619995,2555.23999,1005.650024,76.419998
2017-10-12,39,147.029999,2550.929932,1005.650024,77.120003
2017-10-13,39.247501,147.100006,2553.169922,1007.869995,77.489998
2017-10-16,39.970001,146.830002,2557.639893,1009.349976,77.650002
2017-10-17,40.1175,146.539993,2559.360107,1011,77.589996
2017-10-18,39.939999,159.529999,2561.26001,1012.73999,77.610001
2017-10-19,38.994999,160.899994,2562.100098,1001.840027,77.910004
2017-10-20,39.0625,162.070007,2575.209961,1005.070007,78.809998
2017-10-23,39.0425,159.550003,2564.97998,985.539978,78.830002
2017-10-24,39.275002,155.880005,2569.129883,988.48999,78.860001
2017-10-25,39.102501,153.5,2557.149902,991.460022,78.629997
2017-10-26,39.352501,153.600006,2560.399902,991.419983,78.760002
2017-10-27,40.762501,153.679993,2581.070068,1033.670044,83.809998
2017-10-30,41.68,154.360001,2572.830078,1033.130005,83.889999
2017-10-31,42.259998,154.059998,2575.26001,1033.040039,83.18
2017-11-01,41.7225,154.029999,2579.360107,1042.599976,83.18
2017-11-02,42.0275,153.350006,2579.850098,1042.969971,84.050003
2017-11-03,43.125,151.580002,2587.840088,1049.98999,84.139999
2017-11-06,43.5625,150.839996,2591.129883,1042.680054,84.470001
2017-11-07,43.702499,151.350006,2590.639893,1052.390015,84.269997
2017-11-08,44.060001,151.570007,2594.379883,1058.290039,84.559998
2017-11-09,43.970001,150.300003,2584.620117,1047.719971,84.089996
2017-11-10,43.6675,149.160004,2582.300049,1044.150024,83.870003
2017-11-13,43.4925,148.399994,2584.840088,1041.199951,83.93
2017-11-14,42.834999,148.889999,2578.870117,1041.640015,84.050003
2017-11-15,42.27,147.100006,2564.620117,1036.410034,82.980003
2017-11-16,42.775002,149.119995,2585.639893,1048.469971,83.199997
2017-11-17,42.537498,148.970001,2578.850098,1035.890015,82.400002
2017-11-20,42.494999,150.509995,2582.139893,1034.660034,82.529999
2017-11-21,43.285,151.949997,2599.030029,1050.300049,83.720001
2017-11-22,43.740002,151.770004,2597.080078,1051.920044,83.110001
2017-11-24,43.7425,151.839996,2602.419922,1056.52002,83.260002
2017-11-27,43.522499,151.979996,2601.419922,1072.01001,83.870003
2017-11-28,43.267502,152.470001,2627.040039,1063.290039,84.879997
2017-11-29,42.369999,153.550003,2626.070068,1037.380005,83.339996
2017-11-30,42.962502,153.970001,2647.580078,1036.170044,84.169998
2017-12-01,42.762501,154.759995,2642.219971,1025.069946,84.260002
2017-12-04,42.450001,156.460007,2639.439941,1011.869995,81.080002
2017-12-05,42.41,155.350006,2629.570068,1019.599976,81.589996
2017-12-06,42.252499,154.100006,2629.27002,1032.719971,82.779999
2017-12-07,42.330002,153.570007,2636.97998,1044.569946,82.489998
2017-12-08,42.342499,154.809998,2651.5,1049.380005,84.160004
2017-12-11,43.1675,155.410004,2659.98999,1051.969971,85.230003
2017-12-12,42.924999,156.740005,2664.110107,1048.77002,85.580002
2017-12-13,43.067501,153.910004,2662.850098,1051.390015,85.349998
2017-12-14,43.055,154,2652.01001,1057.469971,84.690002
2017-12-15,43.4925,152.5,2675.810059,1072,86.849998
2017-12-18,44.105,153.330002,2690.159912,1085.089966,86.379997
2017-12-19,43.634998,153.229996,2681.469971,1079.780029,85.830002
2017-12-20,43.587502,152.949997,2679.25,1073.560059,85.519997
2017-12-21,43.752499,151.5,2684.570068,1070.849976,85.5
2017-12-22,43.752499,152.5,2683.340088,1068.859985,85.510002
2017-12-26,42.642502,152.830002,2680.5,1065.849976,85.400002
2017-12-27,42.650002,153.130005,2682.620117,1060.199951,85.709999
2017-12-28,42.77,154.039993,2687.540039,1055.949951,85.720001
2017-12-29,42.307499,153.419998,2673.610107,1053.400024,85.540001
2018-01-02,43.064999,154.25,2695.810059,1073.209961,85.949997
2018-01-03,43.057499,158.490005,2713.060059,1091.52002,86.349998
2018-01-04,43.2575,161.699997,2723.98999,1095.76001,87.110001
2018-01-05,43.75,162.490005,2743.149902,1110.290039,88.190002
2018-01-08,43.587502,163.470001,2747.709961,1114.209961,88.279999
2018-01-09,43.5825,163.830002,2751.290039,1112.790039,88.220001
2018-01-10,43.572498,164.179993,2748.22998,1110.140015,87.82
2018-01-11,43.82,164.199997,2767.560059,1112.050049,88.080002
2018-01-12,44.272499,163.139999,2786.23999,1130.650024,89.599998
2018-01-16,44.047501,163.850006,2776.419922,1130.699951,88.349998
2018-01-17,44.775002,168.649994,2802.560059,1139.099976,90.139999
2018-01-18,44.814999,169.119995,2798.030029,1135.969971,90.099998
2018-01-19,44.615002,162.369995,2810.300049,1143.5,90
2018-01-22,44.25,162.600006,2832.969971,1164.160034,91.610001
2018-01-23,44.259998,166.25,2839.129883,1176.170044,91.900002
2018-01-24,43.555,165.369995,2837.540039,1171.290039,91.82
2018-01-25,42.7775,165.470001,2839.25,1182.140015,92.330002
2018-01-26,42.877499,167.339996,2872.870117,1187.560059,94.059998
2018-01-29,41.990002,166.800003,2853.530029,1186.47998,93.919998
2018-01-30,41.7425,163.619995,2822.429932,1177.369995,92.739998
2018-01-31,41.857498,163.699997,2823.810059,1182.219971,95.010002
2018-02-01,41.945,162.399994,2821.97998,1181.589966,94.260002
2018-02-02,40.125,159.029999,2762.129883,1119.199951,91.779999
2018-02-05,39.122501,152.529999,2648.939941,1062.390015,88
2018-02-06,40.7575,155.339996,2695.139893,1084.430054,91.330002
2018-02-07,39.884998,153.850006,2681.659912,1055.410034,89.610001
2018-02-08,38.787498,147.589996,2581,1007.710022,85.010002
2018-02-09,39.102501,149.509995,2619.550049,1046.27002,88.18
2018-02-12,40.677502,151.399994,2656,1054.560059,89.129997
2018-02-13,41.084999,150.75,2662.939941,1054.140015,89.830002
2018-02-14,41.842499,154.759995,2698.629883,1072.699951,90.809998
2018-02-15,43.247501,156.009995,2731.199951,1091.359985,92.660004
2018-02-16,43.107498,156.179993,2732.219971,1095.5,92
2018-02-20,42.962502,155.160004,2716.26001,1103.589966,92.720001
2018-02-21,42.767502,153.960007,2701.330078,1113.75,91.489998
2018-02-22,43.125,153.179993,2703.959961,1109.900024,91.730003
2018-02-23,43.875,155.520004,2747.300049,1128.089966,94.059998
2018-02-26,44.7425,158.580002,2779.600098,1143.699951,95.419998
2018-02-27,44.5975,156.550003,2744.280029,1117.51001,94.199997
2018-02-28,44.529999,155.830002,2713.830078,1103.920044,93.769997
2018-03-01,43.75,153.809998,2677.669922,1071.410034,92.849998
2018-03-02,44.052502,154.490005,2691.25,1084.140015,93.050003
2018-03-05,44.205002,156.949997,2720.939941,1094.76001,93.639999
2018-03-06,44.1675,155.720001,2728.120117,1100.900024,93.32
2018-03-07,43.7575,158.320007,2726.800049,1115.040039,93.860001
2018-03-08,44.235001,156.210007,2738.969971,1129.380005,94.43
2018-03-09,44.994999,159.309998,2786.570068,1160.839966,96.540001
2018-03-12,45.43,160.259995,2783.02002,1165.930054,96.769997
2018-03-13,44.9925,159.320007,2765.310059,1139.910034,94.410004
2018-03-14,44.610001,158.119995,2749.47998,1148.890015,93.849998
2018-03-15,44.662498,159.610001,2747.330078,1150.609985,94.18
2018-03-16,44.505001,160.259995,2752.01001,1134.420044,94.599998
2018-03-19,43.825001,157.350006,2712.919922,1100.069946,92.889999
2018-03-20,43.810001,156.199997,2716.939941,1095.800049,93.129997
2018-03-21,42.817501,156.690002,2711.929932,1094,92.480003
2018-03-22,42.212502,152.089996,2643.689941,1053.150024,89.790001
2018-03-23,41.235001,148.889999,2588.26001,1026.550049,87.18
2018-03-26,43.192501,153.369995,2658.550049,1054.089966,93.779999
2018-03-27,42.084999,151.910004,2612.620117,1006.940002,89.470001
2018-03-28,41.619999,152.520004,2605,1005.179993,89.389999
2018-03-29,41.945,153.429993,2640.870117,1037.140015,91.269997
2018-04-02,41.669998,150.070007,2581.879883,1012.630005,88.519997
2018-04-03,42.0975,149.850006,2614.449951,1018.679993,89.709999
2018-04-04,42.9025,154.119995,2644.689941,1029.709961,92.330002
2018-04-05,43.200001,154.029999,2662.840088,1032.640015,92.379997
2018-04-06,42.095001,150.570007,2604.469971,1009.950012,90.230003
2018-04-09,42.512501,152.690002,2613.159912,1020.090027,90.769997
2018-04-10,43.3125,155.389999,2656.870117,1036.5,92.879997
2018-04-11,43.110001,155.360001,2642.189941,1025.060059,91.860001
2018-04-12,43.535,158.070007,2663.98999,1037.290039,93.580002
2018-04-13,43.682499,156.710007,2656.300049,1036.040039,93.080002
2018-04-16,43.955002,157.889999,2677.840088,1046.099976,94.169998
2018-04-17,44.560001,160.910004,2706.389893,1079.359985,96.07
2018-04-18,44.459999,148.789993,2708.639893,1075.390015,96.440002
2018-04-19,43.200001,147.699997,2693.129883,1089.449951,96.110001
2018-04-20,41.43,144.899994,2670.139893,1077.319946,95
2018-04-23,41.310001,145.860001,2670.290039,1073.810059,95.349998
2018-04-24,40.735001,145.559998,2634.560059,1022.640015,93.120003
2018-04-25,40.912498,145.940002,2639.399902,1022.98999,92.309998
2018-04-26,41.055,146.720001,2666.939941,1043.310059,94.260002
2018-04-27,40.580002,146.479996,2669.909912,1031.449951,95.82
2018-04-30,41.314999,144.960007,2648.050049,1018.580017,93.519997
2018-05-01,42.275002,145,2654.800049,1040.75,95
2018-05-02,44.142502,142.449997,2635.669922,1026.050049,93.510002
2018-05-03,44.2225,141.990005,2629.72998,1026.300049,94.07
2018-05-04,45.9575,143.910004,2663.419922,1051,95.160004
2018-05-07,46.290001,143.220001,2672.629883,1059.459961,96.220001
2018-05-08,46.512501,143,2671.919922,1058.589966,95.809998
2018-05-09,46.84,142.610001,2697.790039,1088.949951,96.940002
2018-05-10,47.509998,144.240005,2723.070068,1105.469971,97.910004
2018-05-11,47.147499,144.139999,2727.719971,1103.380005,97.699997
2018-05-14,47.037498,144.300003,2730.129883,1106.599976,98.029999
2018-05-15,46.610001,143.740005,2711.449951,1084.869995,97.32
2018-05-16,47.044998,144.630005,2722.459961,1084.089966,97.150002
2018-05-17,46.747501,144.5,2720.129883,1081.26001,96.18
2018-05-18,46.577499,144.080002,2712.969971,1069.640015,96.360001
2018-05-21,46.907501,145.490005,2733.01001,1084.01001,97.599998
2018-05-22,46.790001,145.089996,2724.439941,1075.310059,97.5
2018-05-23,47.09,144.669998,2733.290039,1085.959961,98.660004
2018-05-24,47.037498,144.070007,2727.76001,1085.449951,98.309998
2018-05-25,47.145,143.639999,2721.330078,1084.079956,98.360001
2018-05-29,46.974998,141.220001,2689.860107,1068.069946,98.010002
2018-05-30,46.875,142.619995,2724.01001,1077.469971,98.949997
2018-05-31,46.717499,141.309998,2705.27002,1100,98.839996
2018-06-01,47.560001,141.949997,2734.620117,1135,100.790001
2018-06-04,47.9575,143.039993,2746.870117,1153.040039,101.669998
2018-06-05,48.327499,143.699997,2748.800049,1151.02002,102.190002
2018-06-06,48.494999,144.710007,2772.350098,1146.949951,102.489998
2018-06-07,48.365002,145.360001,2770.370117,1134.420044,100.879997
2018-06-08,47.924999,146.139999,2779.030029,1132.709961,101.629997
2018-06-11,47.807499,146.580002,2782,1140.900024,101.050003
2018-06-12,48.07,146.869995,2786.850098,1148.189941,101.309998
2018-06-13,47.674999,146.350006,2775.629883,1144.22998,100.849998
2018-06-14,47.700001,145.199997,2782.48999,1160.109985,101.419998
2018-06-15,47.209999,145.389999,2779.659912,1159.27002,100.129997
2018-06-18,47.185001,144.479996,2773.75,1183.579956,100.860001
2018-06-19,46.422501,143.899994,2762.590088,1178.689941,100.860001
2018-06-20,46.625,142.630005,2767.320068,1184.069946,101.870003
2018-06-21,46.365002,141.25,2749.76001,1169.439941,101.139999
2018-06-22,46.23,141.279999,2754.879883,1169.290039,100.410004
2018-06-25,45.5425,138.789993,2717.070068,1139.280029,98.389999
2018-06-26,46.107498,139.080002,2723.060059,1132.619995,99.080002
2018-06-27,46.040001,137.479996,2699.629883,1116.939941,97.540001
2018-06-28,46.375,140.039993,2716.310059,1126.780029,98.629997
2018-06-29,46.2775,139.699997,2718.370117,1129.189941,98.610001
2018-07-02,46.794998,139.860001,2726.709961,1142.109985,100.010002
2018-07-03,45.98,139.570007,2713.219971,1116.280029,99.050003
2018-07-05,46.349998,141.429993,2736.610107,1141.290039,99.760002
2018-07-06,46.9925,142.479996,2759.820068,1155.079956,101.160004
2018-07-09,47.645,144.389999,2784.169922,1167.280029,101.849998
2018-07-10,47.587502,144.710007,2793.840088,1167.140015,102.120003
2018-07-11,46.970001,144.940002,2774.02002,1171.459961,101.980003
2018-07-12,47.7575,146.449997,2798.290039,1201.26001,104.190002
2018-07-13,47.8325,145.899994,2801.310059,1204.420044,105.43
2018-07-16,47.727501,145.460007,2798.429932,1196.51001,104.910004
2018-07-17,47.862499,143.490005,2809.550049,1213.079956,105.949997
2018-07-18,47.599998,144.520004,2815.620117,1212.910034,105.120003
2018-07-19,47.970001,149.240005,2804.48999,1199.099976,104.400002
2018-07-20,47.860001,146.350006,2801.830078,1197.880005,106.269997
2018-07-23,47.9025,145.699997,2806.97998,1211,107.970001
2018-07-24,48.25,146.380005,2820.399902,1258.150024,107.660004
2018-07-25,48.705002,146.619995,2846.070068,1275.939941,110.830002
2018-07-26,48.552502,146.710007,2837.439941,1285.5,109.620003
2018-07-27,47.744999,145.149994,2818.820068,1252.890015,107.68
2018-07-30,47.477501,145.490005,2802.600098,1230.040039,105.370003
2018-07-31,47.572498,144.929993,2816.290039,1227.219971,106.080002
2018-08-01,50.375,143.5,2813.360107,1232.98999,106.279999
2018-08-02,51.8475,142.960007,2827.219971,1241.130005,107.57
2018-08-03,51.997501,147.699997,2840.350098,1238.160034,108.040001
2018-08-06,52.267502,146.029999,2850.399902,1237.670044,108.129997
2018-08-07,51.7775,147.009995,2858.449951,1255.839966,108.879997
2018-08-08,51.8125,146.889999,2857.699951,1261.329956,109.489998
2018-08-09,52.220001,144.770004,2853.580078,1264.459961,109.669998
2018-08-10,51.8825,144.479996,2833.280029,1252.51001,109
2018-08-13,52.217499,142.710007,2821.929932,1248.640015,108.209999
2018-08-14,52.4375,143.360001,2839.959961,1258.140015,109.559998
2018-08-15,52.560001,143.910004,2818.370117,1232.219971,107.660004
2018-08-16,53.330002,145.339996,2840.689941,1224.060059,107.639999
2018-08-17,54.395,146.059998,2850.129883,1215.849976,107.580002
2018-08-20,53.865002,146.509995,2857.050049,1221.949951,106.870003
2018-08-21,53.759998,145.970001,2862.959961,1217.410034,105.980003
2018-08-22,53.762501,145.240005,2861.820068,1221.75,107.059998
2018-08-23,53.872501,145.369995,2856.97998,1221.160034,107.559998
2018-08-24,54.040001,146.039993,2874.689941,1236.75,108.400002
2018-08-27,54.485001,146.690002,2896.73999,1256.27002,109.599998
2018-08-28,54.924999,146.589996,2897.52002,1245.859985,110.260002
2018-08-29,55.744999,147.539993,2914.040039,1264.650024,112.019997
2018-08-30,56.2575,145.929993,2901.129883,1254.439941,111.949997
2018-08-31,56.907501,146.479996,2901.52002,1231.800049,112.330002
2018-09-04,57.09,145.679993,2896.719971,1211.310059,111.709999
2018-09-05,56.717499,146.660004,2888.600098,1199.099976,108.489998
2018-09-06,55.775002,146.389999,2878.050049,1183.98999,108.739998
2018-09-07,55.325001,145.449997,2871.679932,1177.589966,108.209999
2018-09-10,54.5825,145.649994,2877.129883,1175.060059,109.379997
2018-09-11,55.962502,146.490005,2887.889893,1189.98999,111.239998
2018-09-12,55.267502,146.570007,2888.919922,1171.599976,111.709999
2018-09-13,56.602501,148.949997,2904.179932,1182.140015,112.910004
2018-09-14,55.959999,148.330002,2904.97998,1177.97998,113.370003
2018-09-17,54.470001,147.940002,2888.800049,1159.829956,112.139999
2018-09-18,54.560001,148.559998,2904.310059,1167.109985,113.209999
2018-09-19,54.592499,149.059998,2907.949951,1174.27002,111.699997
2018-09-20,55.0075,151.149994,2930.75,1191.569946,113.57
2018-09-21,54.415001,151.350006,2929.669922,1172.119995,114.260002
2018-09-24,55.197498,150.029999,2919.370117,1179.560059,114.669998
2018-09-25,55.547501,148.910004,2915.560059,1193.890015,114.449997
2018-09-26,55.105,151.610001,2905.969971,1194.060059,113.980003
2018-09-27,56.237499,151.5,2914,1207.359985,114.410004
2018-09-28,56.435001,151.210007,2913.97998,1207.079956,114.370003
2018-10-01,56.814999,153,2924.590088,1208.530029,115.610001
2018-10-02,57.32,153.75,2923.429932,1207.640015,115.150002
2018-10-03,58.017502,153.220001,2925.51001,1211.530029,115.169998
2018-10-04,56.997501,151.309998,2901.610107,1177.069946,112.790001
2018-10-05,56.072498,149.029999,2885.570068,1167.829956,112.129997
2018-10-08,55.942501,148.389999,2884.429932,1155.920044,110.849998
2018-10-09,56.717499,147.240005,2880.340088,1145.170044,112.260002
2018-10-10,54.09,142.690002,2785.679932,1092.160034,106.160004
2018-10-11,53.612499,139.020004,2728.370117,1090.73999,105.910004
2018-10-12,55.5275,140.850006,2767.129883,1120.540039,109.57
2018-10-15,54.34,141.130005,2750.790039,1102.439941,107.599998
2018-10-16,55.537498,145.119995,2809.919922,1133.079956,111
2018-10-17,55.297501,134.050003,2809.209961,1127.589966,110.709999
2018-10-18,54.005001,130.550003,2768.780029,1097.910034,108.5
2018-10-19,54.827499,129.100006,2767.780029,1105.180054,108.660004
2018-10-22,55.162498,130.020004,2755.879883,1111.369995,109.629997
2018-10-23,55.682499,131.210007,2740.689941,1114.910034,108.099998
2018-10-24,53.772499,127.209999,2656.100098,1057.119995,102.32
2018-10-25,54.950001,126.449997,2705.570068,1103.589966,108.300003
2018-10-26,54.075001,124.790001,2658.689941,1083.75,106.959999
2018-10-29,53.060001,119.639999,2641.25,1034.72998,103.849998
2018-10-30,53.325001,115.400002,2682.629883,1049.51001,103.730003
2018-10-31,54.715,115.43,2711.73999,1090.579956,106.809998
2018-11-01,55.555,116.830002,2740.370117,1085.97998,105.919998
2018-11-02,51.869999,115.669998,2723.060059,1071.48999,106.160004
2018-11-05,50.397499,120.059998,2738.310059,1055.72998,107.510002
2018-11-06,50.942501,123.120003,2755.449951,1069.569946,107.720001
2018-11-07,52.487499,124.839996,2813.889893,1108.23999,111.959999
2018-11-08,52.122501,123.379997,2806.830078,1094.630005,111.75
2018-11-09,51.1175,123.540001,2781.01001,1077.02002,109.57
2018-11-12,48.5425,120.900002,2726.219971,1049.359985,106.870003
2018-11-13,48.057499,120.839996,2722.179932,1047.969971,106.940002
2018-11-14,46.700001,120.199997,2701.580078,1054.579956,104.970001
2018-11-15,47.852501,121.440002,2730.199951,1071.050049,107.279999
2018-11-16,48.3825,121.57,2736.27002,1068.27002,108.290001
2018-11-19,46.465,120.309998,2690.72998,1027.420044,104.620003
2018-11-20,44.244999,117.199997,2641.889893,1030.449951,101.709999
2018-11-21,44.195,118.57,2649.929932,1043.430054,103.110001
2018-11-23,43.072498,117.190002,2632.560059,1030.099976,103.07
2018-11-26,43.654999,119.559998,2673.449951,1055.939941,106.470001
2018-11-27,43.560001,120.029999,2682.169922,1052.280029,107.139999
2018-11-28,45.235001,123,2743.790039,1091.790039,111.120003
2018-11-29,44.887501,121.480003,2737.800049,1094.579956,110.190002
2018-11-30,44.645,124.269997,2760.169922,1109.650024,110.889999
2018-12-03,46.205002,125.309998,2790.370117,1116.359985,112.089996
2018-12-04,44.172501,121.599998,2700.060059,1062.469971,108.519997
2018-12-06,43.68,123.910004,2695.949951,1078.079956,109.190002
2018-12-07,42.122501,119.339996,2633.080078,1046.579956,104.82
2018-12-10,42.400002,121.129997,2637.719971,1053.180054,107.589996
2018-12-11,42.157501,120.889999,2636.780029,1061.650024,108.589996
2018-12-12,42.275002,121.160004,2651.070068,1073.72998,109.080002
2018-12-13,42.737499,120.730003,2650.540039,1073.540039,109.449997
2018-12-14,41.369999,119.900002,2599.949951,1051.709961,106.029999
2018-12-17,40.985001,116.099998,2545.939941,1025.650024,102.889999
2018-12-18,41.517502,116.650002,2546.159912,1043.410034,103.970001
2018-12-19,40.2225,116.43,2506.959961,1035.459961,103.690002
2018-12-20,39.2075,113.019997,2467.419922,1023.580017,101.510002
2018-12-21,37.682499,110.940002,2416.620117,991.25,98.230003
2018-12-24,36.7075,107.57,2351.100098,984.669983,94.129997
2018-12-26,39.2925,111.389999,2467.699951,1047.849976,100.559998
2018-12-27,39.037498,113.779999,2488.830078,1052.900024,101.18
2018-12-28,39.057499,113.029999,2485.73999,1046.680054,100.389999
2018-12-31,39.435001,113.669998,2506.850098,1044.959961,101.57
2019-01-02,39.48,115.209999,2510.030029,1054.680054,101.120003
2019-01-03,35.547501,112.910004,2447.889893,1025.469971,97.400002
2019-01-04,37.064999,117.32,2531.939941,1078.069946,101.93
2019-01-07,36.982498,118.150002,2549.689941,1075.920044,102.059998
2019-01-08,37.6875,119.830002,2574.409912,1085.369995,102.800003
2019-01-09,38.327499,120.690002,2584.959961,1081.650024,104.269997
2019-01-10,38.450001,121.790001,2596.639893,1078.829956,103.599998
2019-01-11,38.072498,121.459999,2596.26001,1064.469971,102.800003
2019-01-14,37.5,120.389999,2582.610107,1051.51001,102.050003
2019-01-15,38.267502,121.730003,2610.300049,1086.51001,105.010002
2019-01-16,38.735001,121.620003,2616.100098,1089.51001,105.379997
2019-01-17,38.965,122.190002,2635.959961,1099.119995,106.120003
2019-01-18,39.205002,123.82,2670.709961,1107.300049,107.709999
2019-01-22,38.325001,122.519997,2632.899902,1078.630005,105.68
2019-01-23,38.48,132.889999,2638.699951,1084.410034,106.709999
2019-01-24,38.174999,132.529999,2642.330078,1084,106.199997
2019-01-25,39.439999,133.970001,2664.76001,1101.51001,107.169998
2019-01-28,39.075001,134.270004,2643.850098,1079.859985,105.080002
2019-01-29,38.669998,134.330002,2640,1070.060059,102.940002
2019-01-30,41.3125,134.380005,2681.050049,1097.98999,106.379997
2019-01-31,41.610001,134.419998,2704.100098,1125.890015,104.43
2019-02-01,41.630001,134.100006,2706.530029,1118.619995,102.779999
2019-02-04,42.8125,135.190002,2724.870117,1141.420044,105.739998
2019-02-05,43.544998,135.550003,2737.699951,1151.869995,107.220001
2019-02-06,43.560001,136.320007,2731.610107,1122.890015,106.029999
2019-02-07,42.735001,133.190002,2706.050049,1105.910034,105.269997
2019-02-08,42.602501,133.710007,2707.879883,1102.380005,105.669998
2019-02-11,42.357498,133.990005,2709.800049,1102.119995,105.25
2019-02-12,42.7225,136.050003,2744.72998,1127.579956,106.889999
2019-02-13,42.544998,137.520004,2753.030029,1128.630005,106.809998
2019-02-14,42.700001,136.479996,2745.72998,1129.199951,106.900002
2019-02-15,42.605,138.029999,2775.600098,1119.630005,108.220001
2019-02-19,42.732498,138.699997,2779.76001,1126.51001,108.169998
2019-02-20,43.0075,138,2784.699951,1120.589966,107.150002
2019-02-21,42.764999,137.839996,2774.879883,1104.209961,109.410004
2019-02-22,43.2425,139.25,2792.669922,1116.560059,110.970001
2019-02-25,43.557499,139.460007,2796.110107,1117.329956,111.589996
2019-02-26,43.5825,139.720001,2793.899902,1122.01001,112.360001
2019-02-27,43.717499,139.169998,2792.379883,1122.890015,112.169998
2019-02-28,43.287498,138.130005,2784.48999,1126.550049,112.029999
2019-03-01,43.7425,139.199997,2803.689941,1148.52002,112.529999
2019-03-04,43.962502,138.429993,2792.810059,1153.420044,112.260002
2019-03-05,43.8825,137.880005,2789.649902,1169.189941,111.699997
2019-03-06,43.630001,136.979996,2771.449951,1164.939941,111.75
2019-03-07,43.125,135.360001,2748.929932,1150.849976,110.389999
2019-03-08,43.227501,135.089996,2743.070068,1149.969971,110.510002
2019-03-11,44.724998,137.710007,2783.300049,1179.26001,112.830002
2019-03-12,45.227501,138.279999,2791.52002,1197.25,113.620003
2019-03-13,45.427502,138.559998,2810.919922,1199.060059,114.5
2019-03-14,45.932499,138.789993,2808.47998,1192.530029,114.589996
2019-03-15,46.529999,139.429993,2822.47998,1190.300049,115.910004
2019-03-18,47.005001,140.210007,2832.939941,1188.550049,117.57
2019-03-19,46.6325,140.490005,2832.570068,1202.459961,117.650002
2019-03-20,47.040001,139.600006,2824.22998,1226.430054,117.519997
2019-03-21,48.772499,141.440002,2854.879883,1236.130005,120.220001
2019-03-22,47.762501,139.449997,2800.709961,1207.650024,117.050003
2019-03-25,47.185001,139.179993,2798.360107,1197.380005,117.660004
2019-03-26,46.697498,140.220001,2818.459961,1189.839966,117.910004
2019-03-27,47.1175,139.240005,2805.370117,1178.01001,116.769997
2019-03-28,47.18,139.919998,2815.439941,1172.27002,116.93
2019-03-29,47.487499,141.100006,2834.399902,1176.890015,117.940002
2019-04-01,47.810001,143.300003,2867.189941,1198.97998,119.019997
2019-04-02,48.505001,143,2867.23999,1205.540039,119.190002
2019-04-03,48.837502,143.630005,2873.399902,1210.810059,119.970001
2019-04-04,48.922501,142.779999,2879.389893,1219.449951,119.360001
2019-04-05,49.25,143.279999,2892.73999,1211.449951,119.889999
2019-04-08,50.025002,143.389999,2895.77002,1208.280029,119.93
2019-04-09,49.875,142.110001,2878.199951,1202.689941,119.279999
2019-04-10,50.154999,143.020004,2888.209961,1206.449951,120.190002
2019-04-11,49.737499,143.779999,2888.320068,1209.589966,120.330002
2019-04-12,49.717499,144.350006,2907.409912,1222.72998,120.949997
2019-04-15,49.807499,143.899994,2905.580078,1226.530029,121.050003
2019-04-16,49.8125,145.139999,2907.060059,1231.910034,120.769997
2019-04-17,50.782501,139.110001,2900.449951,1240.140015,121.769997
2019-04-18,50.965,140.330002,2905.030029,1241.469971,123.370003
2019-04-22,51.1325,138.889999,2907.969971,1253.76001,123.760002
2019-04-23,51.869999,140.440002,2933.679932,1270.589966,125.440002
2019-04-24,51.790001,139.949997,2927.25,1260.050049,125.010002
2019-04-25,51.32,138.630005,2926.169922,1267.339966,129.149994
2019-04-26,51.075001,139.440002,2939.879883,1277.420044,129.889999
2019-04-29,51.1525,139.050003,2943.030029,1296.199951,129.770004
2019-04-30,50.1675,140.270004,2945.830078,1198.959961,130.600006
2019-05-01,52.630001,140.559998,2923.72998,1173.319946,127.879997
2019-05-02,52.287498,139.589996,2917.52002,1166.51001,126.209999
2019-05-03,52.9375,140.25,2945.639893,1189.550049,128.899994
2019-05-06,52.119999,140.380005,2932.469971,1193.459961,128.149994
2019-05-07,50.715,137.639999,2884.050049,1178.859985,125.519997
2019-05-08,50.724998,138,2879.419922,1170.780029,125.510002
2019-05-09,50.18,135.339996,2870.719971,1167.969971,125.5
2019-05-10,49.294998,135.320007,2881.399902,1167.640015,127.129997
2019-05-13,46.43,131.419998,2811.870117,1136.589966,123.349998
2019-05-14,47.165001,133.309998,2834.409912,1124.859985,124.730003
2019-05-15,47.73,134.399994,2850.959961,1170.800049,126.019997
2019-05-16,47.52,135.880005,2876.320068,1184.5,128.929993
2019-05-17,47.25,134.320007,2859.530029,1168.780029,128.070007
2019-05-20,45.772499,135.119995,2840.22998,1144.660034,126.220001
2019-05-21,46.650002,136.449997,2864.360107,1154.439941,126.900002
2019-05-22,45.695,136.350006,2856.27002,1155.849976,127.669998
2019-05-23,44.915001,132.389999,2822.23999,1145.339966,126.18
2019-05-24,44.7425,132.279999,2826.060059,1138.609985,126.239998
2019-05-28,44.557499,130.460007,2802.389893,1139.560059,126.160004
2019-05-29,44.345001,129.690002,2783.02002,1119.939941,124.940002
2019-05-30,44.575001,129.570007,2788.860107,1121.410034,125.730003
2019-05-31,43.767502,126.989998,2752.060059,1106.5,123.68
2019-06-03,43.325001,128.270004,2744.449951,1038.73999,119.839996
2019-06-04,44.91,132.690002,2803.27002,1054.48999,123.160004
2019-06-05,45.634998,131.490005,2826.149902,1044.640015,125.830002
2019-06-06,46.305,132.220001,2843.48999,1047.76001,127.82
2019-06-07,47.537498,133.309998,2873.340088,1068.369995,131.399994
2019-06-10,48.145,134.740005,2886.72998,1082.76001,132.600006
2019-06-11,48.702499,135.949997,2885.719971,1081.040039,132.100006
2019-06-12,48.547501,134.869995,2879.840088,1079.099976,131.490005
2019-06-13,48.537498,135.759995,2891.639893,1091.01001,132.320007
2019-06-14,48.185001,135.149994,2886.97998,1086.300049,132.449997
2019-06-17,48.4725,134.949997,2889.669922,1093.890015,132.850006
2019-06-18,49.612499,136.380005,2917.75,1105.23999,135.160004
2019-06-19,49.467499,137.080002,2926.459961,1104.51001,135.690002
2019-06-20,49.865002,138.850006,2954.179932,1113.199951,136.949997
2019-06-21,49.695,139.199997,2950.459961,1125.369995,136.970001
2019-06-24,49.645,139.350006,2945.350098,1116.699951,137.779999
2019-06-25,48.892502,138.360001,2917.379883,1087.579956,133.429993
2019-06-26,49.950001,138.520004,2913.780029,1080.319946,133.929993
2019-06-27,49.935001,138.520004,2924.919922,1076.630005,134.149994
2019-06-28,49.48,137.899994,2941.76001,1082.800049,133.960007
2019-07-01,50.387501,139.880005,2964.330078,1100,135.679993
2019-07-02,50.682499,140.220001,2973.01001,1112.599976,136.580002
2019-07-03,51.102501,141.539993,2995.820068,1122.98999,137.460007
2019-07-05,51.057499,141.380005,2990.409912,1132.670044,137.059998
2019-07-08,50.005001,140.570007,2975.949951,1116.790039,136.960007
2019-07-09,50.310001,139.330002,2979.629883,1124.290039,136.460007
2019-07-10,50.807499,140.470001,2993.070068,1140.910034,137.850006
2019-07-11,50.4375,141.240005,2999.909912,1144.079956,138.399994
2019-07-12,50.825001,142.740005,3013.77002,1145.339966,138.899994
2019-07-15,51.302502,143.320007,3014.300049,1150.51001,138.899994
2019-07-16,51.125,143.529999,3004.040039,1153.459961,137.080002
2019-07-17,50.837502,143.070007,2984.419922,1146.73999,136.270004
2019-07-18,51.415001,149.630005,2995.110107,1147.23999,136.419998
2019-07-19,50.647499,149.679993,2976.610107,1131.550049,136.619995
2019-07-22,51.805,149.740005,2985.030029,1139.209961,138.429993
2019-07-23,52.209999,150.380005,3005.469971,1148.050049,139.289993
2019-07-24,52.1675,150.029999,3019.560059,1139.72998,140.720001
2019-07-25,51.755001,150.389999,3003.669922,1135.939941,140.190002
2019-07-26,51.935001,151.360001,3025.860107,1245.219971,141.339996
2019-07-29,52.419998,150.880005,3020.969971,1241.839966,141.029999
2019-07-30,52.195,149.770004,3013.179932,1228,140.350006
2019-07-31,53.259998,148.240005,2980.379883,1218.199951,136.270004
2019-08-01,52.107498,150.320007,2953.560059,1211.780029,138.059998
2019-08-02,51.005001,147.25,2932.050049,1196.319946,136.899994
2019-08-05,48.334999,140.759995,2844.73999,1154.75,132.210007
2019-08-06,49.25,140.729996,2881.77002,1171.079956,134.690002
2019-08-07,49.759998,139.110001,2883.97998,1175.910034,135.279999
2019-08-08,50.857498,140.100006,2938.090088,1206.189941,138.889999
2019-08-09,50.247501,136.130005,2918.649902,1188.900024,137.710007
2019-08-12,50.119999,134.119995,2882.699951,1174.5,135.789993
2019-08-13,52.2425,135.789993,2926.320068,1196.72998,138.600006
2019-08-14,50.6875,131.25,2840.600098,1164.25,133.979996
2019-08-15,50.435001,131.919998,2847.600098,1169.319946,133.679993
2019-08-16,51.625,133.759995,2888.679932,1179.209961,136.130005
2019-08-19,52.587502,135.039993,2923.649902,1200.439941,138.410004
2019-08-20,52.59,133,2900.51001,1183.530029,137.259995
2019-08-21,53.16,134.25,2924.429932,1191.579956,138.789993
2019-08-22,53.115002,134.320007,2922.949951,1191.52002,137.779999
2019-08-23,50.66,129.570007,2847.110107,1153.579956,133.389999
2019-08-26,51.622501,129.990005,2878.379883,1171.180054,135.449997
2019-08-27,51.040001,131.169998,2869.159912,1170.819946,135.740005
2019-08-28,51.3825,132.759995,2887.939941,1173.75,135.559998
2019-08-29,52.252499,134.880005,2924.580078,1194.23999,138.119995
2019-08-30,52.185001,135.529999,2926.459961,1190.530029,137.860001
2019-09-03,51.424999,134.100006,2906.27002,1169.550049,136.039993
2019-09-04,52.297501,136.320007,2937.780029,1182.27002,137.630005
2019-09-05,53.32,140.970001,2976,1212.189941,140.050003
2019-09-06,53.314999,140.570007,2978.709961,1206.319946,139.100006
2019-09-09,53.5425,142.600006,2978.429932,1205.27002,137.520004
2019-09-10,54.174999,145.050003,2979.389893,1205.699951,136.080002
2019-09-11,55.897499,143.600006,3000.929932,1220,136.119995
2019-09-12,55.772499,143.619995,3009.570068,1234.969971,137.520004
2019-09-13,54.6875,143.669998,3007.389893,1240.030029,137.320007
2019-09-16,54.974998,142.479996,2997.959961,1231.630005,136.330002
2019-09-17,55.174999,142.199997,3005.699951,1229.880005,137.389999
2019-09-18,55.692501,142.220001,3006.72998,1232.650024,138.520004
2019-09-19,55.240002,142.970001,3006.790039,1238.75,141.070007
2019-09-20,54.432499,141.880005,2992.070068,1229.839966,139.440002
2019-09-23,54.68,142.070007,2991.780029,1234.689941,139.139999
2019-09-24,54.419998,141.679993,2966.600098,1218.329956,137.380005
2019-09-25,55.2575,143.160004,2984.870117,1245.939941,139.360001
2019-09-26,54.9725,143.550003,2977.620117,1242.290039,139.539993
2019-09-27,54.705002,143.240005,2961.790039,1225.949951,137.729996
2019-09-30,55.9925,145.419998,2976.73999,1221.140015,139.029999
2019-10-01,56.147499,143.660004,2940.25,1206,137.070007
2019-10-02,54.740002,141.690002,2887.610107,1177.920044,134.649994
2019-10-03,55.205002,142.020004,2910.629883,1189.430054,136.279999
2019-10-04,56.752499,142.990005,2952.01001,1210.959961,138.119995
2019-10-07,56.764999,141.279999,2938.790039,1208.25,137.119995
2019-10-08,56.099998,138.380005,2893.060059,1190.130005,135.669998
2019-10-09,56.7575,139.669998,2919.399902,1202.400024,138.240005
2019-10-10,57.522499,141.130005,2938.129883,1209.469971,139.100006
2019-10-11,59.052502,142.759995,2970.27002,1215.709961,139.679993
2019-10-14,58.967499,142.039993,2966.149902,1217.77002,139.550003
2019-10-15,58.830002,143,2995.679932,1242.23999,141.570007
2019-10-16,58.592499,142.110001,2989.689941,1243,140.410004
2019-10-17,58.82,134.259995,2997.949951,1252.800049,139.690002
2019-10-18,59.102501,134.089996,2986.199951,1244.410034,137.410004
2019-10-21,60.127499,132.580002,3006.719971,1244.280029,138.429993
2019-10-22,59.990002,133.960007,2995.98999,1241.199951,136.369995
2019-10-23,60.794998,134.380005,3004.52002,1257.630005,137.240005
2019-10-24,60.895,134.070007,3010.290039,1259.109985,139.940002
2019-10-25,61.645,135.440002,3022.550049,1264.300049,140.729996
2019-10-28,62.262501,135.970001,3039.419922,1288.97998,144.190002
2019-10-29,60.822498,133.820007,3036.889893,1260.660034,142.830002
2019-10-30,60.814999,135.25,3046.77002,1260.699951,144.610001
2019-10-31,62.189999,133.729996,3037.560059,1258.800049,143.369995
2019-11-01,63.955002,135.529999,3066.909912,1272.25,143.720001
2019-11-04,64.375,137.669998,3078.27002,1289.609985,144.550003
2019-11-05,64.282501,137.889999,3074.620117,1291.439941,144.460007
2019-11-06,64.309998,138.779999,3076.780029,1291.01001,144.059998
2019-11-07,64.857498,137.690002,3085.179932,1306.939941,144.259995
2019-11-08,65.035004,137.610001,3093.080078,1309,145.960007
2019-11-11,65.550003,135.470001,3087.01001,1298.280029,146.110001
2019-11-12,65.489998,135.589996,3091.840088,1297.209961,147.070007
2019-11-13,66.1175,134.479996,3094.040039,1296.180054,147.309998
2019-11-14,65.660004,134,3096.629883,1309.150024,148.059998
2019-11-15,66.440002,134.399994,3120.459961,1333.540039,149.970001
2019-11-18,66.775002,134.309998,3122.030029,1319.839966,150.339996
2019-11-19,66.572502,134.520004,3120.179932,1312.589966,150.389999
2019-11-20,65.797501,133.199997,3108.459961,1301.859985,149.619995
2019-11-21,65.502502,133.839996,3103.540039,1300.140015,149.479996
2019-11-22,65.445,134.339996,3110.290039,1293.670044,149.589996
2019-11-25,66.592499,135.970001,3133.639893,1305.640015,151.229996
2019-11-26,66.072502,135.089996,3140.52002,1313,152.029999
2019-11-27,66.959999,133.770004,3153.629883,1312.130005,152.320007
2019-11-29,66.8125,134.449997,3140.97998,1304.089966,151.380005
2019-12-02,66.040001,132.910004,3113.870117,1288.859985,149.550003
2019-12-03,64.862503,132.119995,3093.199951,1294.73999,149.309998
2019-12-04,65.434998,131.990005,3112.76001,1318.939941,149.850006
2019-12-05,66.394997,131.910004,3117.429932,1326.959961,149.929993
2019-12-06,67.677498,133.220001,3145.909912,1339.390015,151.75
2019-12-09,66.730003,133.919998,3135.959961,1342.98999,151.360001
2019-12-10,67.120003,133.910004,3132.52002,1342.890015,151.130005
2019-12-11,67.692497,133.759995,3141.629883,1344.25,151.699997
2019-12-12,67.864998,135.320007,3168.570068,1348.48999,153.240005
2019-12-13,68.787498,134.210007,3168.800049,1346.869995,154.529999
2019-12-16,69.964996,134.130005,3191.449951,1360.699951,155.529999
2019-12-17,70.102501,134.220001,3192.52002,1354.890015,154.690002
2019-12-18,69.934998,134.410004,3191.139893,1351.910034,154.369995
2019-12-19,70.004997,134.559998,3205.370117,1356.439941,155.710007
2019-12-20,69.860001,135.589996,3221.219971,1351.219971,157.410004
2019-12-23,71,135.550003,3224.01001,1350.630005,157.410004
2019-12-24,71.067497,134.979996,3223.379883,1344.430054,157.380005
2019-12-26,72.477501,134.910004,3239.909912,1362.469971,158.669998
2019-12-27,72.449997,135.270004,3240.02002,1354.640015,158.960007
2019-12-30,72.879997,132.809998,3221.290039,1339.709961,157.589996
2019-12-31,73.412498,134.039993,3230.780029,1339.390015,157.699997
2020-01-02,75.087502,135.419998,3257.850098,1368.680054,160.619995
2020-01-03,74.357498,134.339996,3234.850098,1361.52002,158.619995
2020-01-06,74.949997,134.100006,3246.280029,1397.810059,159.029999
2020-01-07,74.597504,134.190002,3237.179932,1395.109985,157.580002
2020-01-08,75.797501,135.309998,3253.050049,1405.040039,160.089996
2020-01-09,77.407501,136.740005,3274.699951,1419.790039,162.089996
2020-01-10,77.582497,136.690002,3265.350098,1428.959961,161.339996
2020-01-13,79.239998,136.600006,3288.129883,1440.030029,163.279999
2020-01-14,78.169998,135.820007,3283.149902,1430.589966,162.130005
2020-01-15,77.834999,136.619995,3289.290039,1439.199951,163.179993
2020-01-16,78.809998,137.979996,3316.810059,1450.160034,166.169998
2020-01-17,79.682503,138.309998,3329.620117,1479.52002,167.100006
2020-01-21,79.142502,139.169998,3320.790039,1482.25,166.5
2020-01-22,79.425003,143.889999,3321.75,1483.869995,165.699997
2020-01-23,79.807503,142.869995,3325.540039,1484.689941,166.720001
2020-01-24,79.577499,140.559998,3295.469971,1466.170044,165.039993
2020-01-27,77.237503,138.619995,3243.629883,1431.72998,162.279999
2020-01-28,79.422501,139.550003,3276.23999,1450.5,165.460007
2020-01-29,81.084999,137.690002,3273.399902,1456.699951,168.039993
2020-01-30,80.967499,136.770004,3283.659912,1454.25,172.779999
2020-01-31,77.377502,143.729996,3225.52002,1432.780029,170.229996
2020-02-03,77.165001,146.270004,3248.919922,1482.599976,174.380005
2020-02-04,79.712502,149.110001,3297.590088,1445.410034,180.119995
2020-02-05,80.362503,156.330002,3334.689941,1446.050049,179.899994
2020-02-06,81.302498,156.759995,3345.780029,1475.969971,183.630005
2020-02-07,80.0075,153.410004,3327.709961,1479.109985,183.889999
2020-02-10,80.387497,154.429993,3352.090088,1508.660034,188.699997
2020-02-11,79.902496,153.479996,3357.75,1510.060059,184.440002
2020-02-12,81.800003,155.309998,3379.449951,1518.630005,184.710007
2020-02-13,81.217499,154.309998,3373.939941,1513.390015,183.710007
2020-02-14,81.237503,150.699997,3380.159912,1518.72998,185.350006
2020-02-18,79.75,151.100006,3370.290039,1519.439941,187.229996
2020-02-19,80.904999,150.860001,3386.149902,1524.869995,187.279999
2020-02-20,80.074997,151.220001,3373.22998,1516.98999,184.419998
2020-02-21,78.262497,149.839996,3337.75,1483.459961,178.589996
2020-02-24,74.544998,146.429993,3225.889893,1419.859985,170.889999
2020-02-25,72.019997,141.710007,3128.209961,1386.319946,168.070007
2020-02-26,73.162498,139.75,3116.389893,1390.469971,170.169998
2020-02-27,68.379997,133.110001,2978.76001,1314.949951,158.179993
2020-02-28,68.339996,130.149994,2954.219971,1339.25,162.009995
2020-03-02,74.702499,134.300003,3090.22998,1386.319946,172.789993
2020-03-03,72.330002,128.899994,3003.370117,1337.719971,164.509995
2020-03-04,75.684998,134.220001,3130.120117,1381.599976,170.550003
2020-03-05,73.230003,129.550003,3023.939941,1314.76001,166.270004
2020-03-06,72.2575,127.730003,2972.370117,1295.73999,161.570007
2020-03-09,66.542503,117.809998,2746.560059,1215.790039,150.619995
2020-03-10,71.334999,124.769997,2882.22998,1275.170044,160.919998
2020-03-11,68.857498,117.970001,2741.379883,1210.900024,153.630005
2020-03-12,62.057499,102.809998,2480.639893,1111.550049,139.059998
2020-03-13,69.4925,107.949997,2711.02002,1214.27002,158.830002
2020-03-16,60.552502,99.080002,2386.129883,1073,135.419998
2020-03-17,63.215,106.650002,2529.189941,1118.060059,146.570007
2020-03-18,61.6675,103.550003,2398.100098,1091.189941,140.399994
2020-03-19,61.195,100.339996,2409.389893,1111.670044,142.710007
2020-03-20,57.310001,95.389999,2304.919922,1068.209961,137.350006
2020-03-23,56.092499,94.769997,2237.399902,1054.130005,135.979996
2020-03-24,61.720001,105.480003,2447.330078,1130.01001,148.339996
2020-03-25,61.380001,105.849998,2475.560059,1101.619995,146.919998
2020-03-26,64.610001,112.889999,2630.070068,1162.920044,156.110001
2020-03-27,61.935001,108.029999,2541.469971,1110.26001,149.699997
2020-03-30,63.702499,112.93,2626.649902,1146.310059,160.229996
2020-03-31,63.572498,110.93,2584.590088,1161.949951,157.710007
2020-04-01,60.227501,105.139999,2470.5,1102.099976,152.110001
2020-04-02,61.232498,110,2526.899902,1117.030029,155.259995
2020-04-03,60.352501,106.339996,2488.649902,1092.699951,153.830002
2020-04-06,65.6175,114.82,2663.679932,1183.189941,165.270004
2020-04-07,64.857498,114.940002,2659.409912,1182.560059,163.490005
2020-04-08,66.517502,119.290001,2749.97998,1207,165.130005
2020-04-09,66.997498,121.5,2789.820068,1206.569946,165.139999
2020-04-13,68.3125,121.150002,2761.629883,1210.410034,165.509995
2020-04-14,71.762497,123.910004,2846.060059,1265.22998,173.699997
2020-04-15,71.107498,118.690002,2783.360107,1257.300049,171.880005
2020-04-16,71.672501,115.730003,2799.550049,1257.430054,177.039993
2020-04-17,70.699997,120.120003,2874.560059,1279,178.600006
2020-04-20,69.232498,120.410004,2823.159912,1261.150024,175.059998
2020-04-21,67.092499,116.760002,2736.560059,1212.160034,167.820007
2020-04-22,69.025002,119.309998,2799.310059,1258.410034,173.520004
2020-04-23,68.7575,121.349998,2797.800049,1271.170044,171.419998
2020-04-24,70.7425,124.720001,2836.73999,1276.599976,174.550003
2020-04-27,70.792503,125.919998,2878.47998,1270.859985,174.050003
2020-04-28,69.644997,126.269997,2863.389893,1232.589966,169.809998
2020-04-29,71.932503,128.690002,2939.51001,1342.180054,177.429993
2020-04-30,73.449997,125.559998,2912.429932,1346.699951,179.210007
2020-05-01,72.267502,121.870003,2830.709961,1317.319946,174.570007
2020-05-04,73.290001,121.68,2842.73999,1322.900024,178.839996
2020-05-05,74.389999,122.580002,2868.439941,1349.02002,180.759995
2020-05-06,75.157501,123.169998,2848.419922,1345.430054,182.539993
2020-05-07,75.934998,121.230003,2881.189941,1369.280029,183.600006
2020-05-08,77.532501,122.989998,2929.800049,1384.339966,184.679993
2020-05-11,78.752502,122.589996,2930.189941,1403.589966,186.740005
2020-05-12,77.852501,120.260002,2870.120117,1375.180054,182.509995
2020-05-13,76.912498,115.730003,2820,1348.329956,179.75
2020-05-14,77.385002,116.949997,2852.5,1356.859985,180.529999
2020-05-15,76.927498,116.980003,2863.699951,1373.060059,183.160004
2020-05-18,78.739998,121.559998,2953.909912,1385.180054,184.910004
2020-05-19,78.285004,120.290001,2922.939941,1374.400024,183.630005
2020-05-20,79.807503,121.379997,2971.610107,1409.160034,185.660004
2020-05-21,79.212502,119.120003,2948.51001,1406.75,183.429993
2020-05-22,79.722504,118.389999,2955.449951,1413.23999,183.509995
2020-05-26,79.182503,121.760002,2991.77002,1421.369995,181.570007
2020-05-27,79.527496,125.540001,3036.129883,1420.280029,181.809998
2020-05-28,79.5625,124.529999,3029.72998,1418.23999,181.399994
2020-05-29,79.485001,124.900002,3044.310059,1433.52002,183.25
2020-06-01,80.462502,124.889999,3055.72998,1434.869995,182.830002
2020-06-02,80.834999,126,3080.820068,1442.310059,184.910004
2020-06-03,81.279999,129.050003,3122.870117,1439.25,185.360001
2020-06-04,80.580002,128.889999,3112.350098,1414.300049,182.919998
2020-06-05,82.875,132.059998,3193.929932,1440.02002,187.199997
2020-06-08,83.364998,135.75,3232.389893,1448.040039,188.360001
2020-06-09,85.997498,131.869995,3207.179932,1452.079956,189.800003
2020-06-10,88.209999,129.869995,3190.139893,1464.699951,196.839996
2020-06-11,83.974998,118.010002,3002.100098,1401.900024,186.270004
2020-06-12,84.699997,121.910004,3041.310059,1412.920044,187.740005
2020-06-15,85.747498,121.650002,3066.590088,1420.73999,188.940002
2020-06-16,88.019997,125.150002,3124.73999,1446.469971,193.570007
2020-06-17,87.897499,124.150002,3113.48999,1452.540039,194.240005
2020-06-18,87.932503,124.160004,3115.340088,1434.119995,196.320007
2020-06-19,87.43,122.470001,3097.73999,1424.640015,195.149994
2020-06-22,89.717499,121.07,3117.860107,1450.660034,200.570007
2020-06-23,91.6325,119.410004,3131.290039,1463.97998,201.910004
2020-06-24,90.014999,116.419998,3050.330078,1432.699951,197.839996
2020-06-25,91.209999,119.029999,3083.76001,1441.099976,200.339996
2020-06-26,88.407501,117.190002,3009.050049,1362.540039,196.330002
2020-06-29,90.445,119.75,3053.23999,1397.170044,198.440002
2020-06-30,91.199997,120.769997,3100.290039,1418.050049,203.509995
2020-07-01,91.027496,118.540001,3115.860107,1442,204.699997
2020-07-02,91.027496,119.699997,3130.01001,1469.930054,206.259995
2020-07-06,93.462502,120.190002,3179.719971,1499.650024,210.699997
2020-07-07,93.172501,117.580002,3145.320068,1489.920044,208.25
2020-07-08,95.342499,117.709999,3169.939941,1503.599976,212.830002
2020-07-09,95.752502,115.709999,3152.050049,1518.660034,214.320007
2020-07-10,95.919998,118.349998,3185.040039,1539.01001,213.669998
2020-07-13,95.477501,119.199997,3155.219971,1512.22998,207.070007
2020-07-14,97.057503,120.599998,3197.52002,1520.859985,208.350006
2020-07-15,97.724998,123,3226.560059,1516.880005,208.039993
2020-07-16,96.522499,124.010002,3215.570068,1514.920044,203.919998
2020-07-17,96.327499,125.110001,3224.72998,1516.849976,202.880005
2020-07-20,98.357498,126.370003,3251.840088,1563.839966,211.600006
2020-07-21,97,126.059998,3257.300049,1555.920044,208.75
2020-07-22,97.272499,128.669998,3276.02002,1564.849976,211.75
2020-07-23,92.845001,127.330002,3235.659912,1516.75,202.539993
2020-07-24,92.614998,125.790001,3215.629883,1508.209961,201.300003
2020-07-27,94.809998,126.209999,3239.409912,1529.430054,203.850006
2020-07-28,93.252502,124.470001,3218.439941,1503.650024,202.020004
2020-07-29,95.040001,125.32,3258.439941,1523.51001,204.059998
2020-07-30,96.190002,122.900002,3246.219971,1538.369995,203.899994
2020-07-31,106.260002,122.940002,3271.120117,1487.949951,205.009995
2020-08-03,108.9375,124.309998,3294.610107,1482.76001,216.539993
2020-08-04,109.665001,125.839996,3306.51001,1473.300049,213.289993
2020-08-05,110.0625,125.449997,3327.77002,1479.089966,212.940002
2020-08-06,113.902496,126.120003,3349.159912,1504.949951,216.350006
2020-08-07,111.112503,124.959999,3351.280029,1498.369995,212.479996
2020-08-10,112.727501,127.110001,3360.469971,1496.819946,208.25
2020-08-11,109.375,126.75,3333.689941,1480.540039,203.380005
2020-08-12,113.010002,126.699997,3380.350098,1507.23999,209.190002
2020-08-13,115.010002,125.029999,3373.429932,1516.650024,208.699997
2020-08-14,114.907501,125.269997,3372.850098,1504.630005,208.899994
2020-08-17,114.607498,124.440002,3381.98999,1516.23999,210.279999
2020-08-18,115.5625,124.919998,3389.780029,1555.780029,211.490005
2020-08-19,115.707497,123.839996,3374.850098,1544.609985,209.699997
2020-08-20,118.275002,123.150002,3385.51001,1576.25,214.580002
2020-08-21,124.370003,123.160004,3397.159912,1575.569946,213.020004
2020-08-24,125.857498,125.68,3431.280029,1585.150024,213.690002
2020-08-25,124.824997,124.639999,3443.620117,1605.849976,216.470001
2020-08-26,126.522499,124.169998,3478.72998,1644.130005,221.149994
2020-08-27,125.010002,124.650002,3484.550049,1628.52002,226.580002
2020-08-28,124.807503,125.07,3508.01001,1639.430054,228.910004
2020-08-31,129.039993,123.309998,3500.310059,1629.530029,225.529999
2020-09-01,134.179993,123.400002,3526.649902,1655.079956,227.270004
2020-09-02,131.399994,128.179993,3580.840088,1717.390015,231.649994
2020-09-03,120.879997,124.449997,3455.060059,1629.51001,217.300003
2020-09-04,120.959999,122.300003,3426.959961,1581.209961,214.25
2020-09-08,112.82,121.209999,3331.840088,1523.599976,202.660004
2020-09-09,117.32,122.260002,3398.959961,1547.22998,211.289993
2020-09-10,113.489998,120.559998,3339.189941,1526.050049,205.369995
2020-09-11,112,121.459999,3340.969971,1515.76001,204.029999
2020-09-14,115.360001,122.089996,3383.540039,1508.829956,205.410004
2020-09-15,115.540001,122.440002,3401.199951,1535.119995,208.779999
2020-09-16,112.129997,124.220001,3385.48999,1512.089966,205.050003
2020-09-17,110.339996,124.919998,3357.01001,1487.040039,202.910004
2020-09-18,106.839996,122.760002,3319.469971,1451.089966,200.389999
2020-09-21,110.080002,120.25,3281.060059,1430.140015,202.539993
2020-09-22,111.809998,120.510002,3315.570068,1459.819946,207.419998
2020-09-23,107.120003,118.830002,3236.919922,1409.390015,200.589996
2020-09-24,108.220001,118.089996,3246.590088,1422.859985,203.190002
2020-09-25,112.279999,118.949997,3298.459961,1439.060059,207.820007
2020-09-28,114.959999,121.730003,3351.600098,1458.660034,209.440002
2020-09-29,114.089996,120.940002,3335.469971,1466.02002,207.259995
2020-09-30,115.809998,121.669998,3363,1465.599976,210.330002
2020-10-01,116.790001,121.089996,3380.800049,1487.900024,212.460007
2020-10-02,113.019997,120.57,3348.419922,1455.599976,206.190002
2020-10-05,116.5,122.010002,3408.600098,1482.829956,210.380005
2020-10-06,113.160004,121.970001,3360.969971,1451.02002,205.910004
2020-10-07,115.080002,124.07,3419.439941,1459.140015,209.830002
2020-10-08,114.970001,131.490005,3446.830078,1483.430054,210.580002
2020-10-09,116.970001,127.790001,3477.139893,1510.449951,215.809998
2020-10-12,124.400002,127.209999,3534.219971,1564.589966,221.399994
2020-10-13,121.099998,125.099998,3511.929932,1567.069946,222.860001
2020-10-14,121.190002,125.940002,3488.669922,1563.439941,220.860001
2020-10-15,120.709999,124.889999,3483.340088,1555.469971,219.660004
2020-10-16,119.019997,125.93,3483.810059,1567.699951,219.660004
2020-10-19,115.980003,125.519997,3426.919922,1529.949951,214.220001
2020-10-20,117.510002,117.370003,3443.120117,1551.079956,214.649994
2020-10-21,116.870003,115.059998,3435.560059,1585.98999,214.800003
2020-10-22,115.75,115.760002,3453.48999,1606.660034,214.889999
2020-10-23,115.040001,116,3465.389893,1632.97998,216.229996
2020-10-26,115.050003,112.220001,3400.969971,1584.290039,210.080002
2020-10-27,116.599998,110.559998,3390.679932,1598.880005,213.25
2020-10-28,111.199997,106.650002,3271.030029,1510.800049,202.679993
2020-10-29,115.32,108.910004,3310.110107,1556.880005,204.720001
2020-10-30,108.860001,111.660004,3269.959961,1616.109985,202.470001
2020-11-02,108.769997,112.910004,3310.23999,1624.319946,202.330002
2020-11-03,110.440002,114.160004,3369.159912,1645.660034,206.429993
2020-11-04,114.949997,111.900002,3443.439941,1745.849976,216.389999
2020-11-05,119.029999,114.769997,3510.449951,1762.5,223.289993
2020-11-06,118.690002,114.040001,3509.439941,1759.72998,223.720001
2020-11-09,116.32,115.529999,3550.5,1761.420044,218.389999
2020-11-10,115.970001,117.910004,3545.530029,1737.719971,211.009995
2020-11-11,119.489998,117.199997,3572.659912,1747.22998,216.550003
2020-11-12,119.209999,114.5,3537.01001,1742.819946,215.440002
2020-11-13,119.260002,116.849998,3585.149902,1772.26001,216.509995
2020-11-16,120.300003,118.360001,3626.909912,1774.030029,217.229996
2020-11-17,119.389999,117.699997,3609.530029,1761.660034,214.460007
2020-11-18,118.029999,116.769997,3567.790039,1740.640015,211.080002
2020-11-19,118.639999,117.18,3581.870117,1758.569946,212.419998
2020-11-20,117.339996,116.940002,3557.540039,1736.380005,210.389999
2020-11-23,113.849998,120.089996,3577.590088,1727.560059,210.110001
2020-11-24,115.169998,124.419998,3635.409912,1763.900024,213.860001
2020-11-25,116.029999,124.199997,3629.649902,1764.130005,213.869995
2020-11-27,116.589996,124.349998,3638.350098,1787.02002,215.229996
